type,name,module,path,hash
"yaml","manifest","_config","_config/manifest.yaml","3306b268a4b9b5f92302d20bbf6e49a8c37282528370b5306e36c1c6e3db8a70"
"csv","module-help","bmm","bmm/module-help.csv","caa7c46604dc22e1f4b0e03da1d1db0873745f005269709868f10ef30a2f6b03"
"html","validation-report-template","bmm","bmm/plan/bmad-prd/assets/validation-report-template.html","a80becdd8205d2d7c18738855830b096172a496b96b5ca8a0820ec55c9bb8bf9"
"html","validation-report-template","bmm","bmm/plan/bmad-ux/assets/validation-report-template.html","8656945636fabe96624f8ef8fce931b073b5aecbe42d490584c1d5c7f31e1353"
"json","bmad-manifest","bmm","bmm/plan/bmad-prfaq/bmad-manifest.json","b67b016cd68535a97bd9164c237fbfe19a5b26bc1a3f0afe203fecfa40aab6ff"
"md","acceptance-verdict","bmm","bmm/ship/bmad-retrospective/references/acceptance-verdict.md","09a65007c39af83e01e039331c252e6e670b134cd5e2a4b5e05ac9d9fb7e37f1"
"md","aggregate-views","bmm","bmm/ship/bmad-retrospective/references/aggregate-views.md","5b278afce4a53692d8715b4af178e4233da0876921dc3154b5763d056cb5ff0b"
"md","artifact-analyzer","bmm","bmm/plan/bmad-prfaq/agents/artifact-analyzer.md","7bdc44830f8d593346ec0ee15e36e1e431432fcc6c38b70bb861999315c9cfa4"
"md","best-practices","bmm","bmm/plan/bmad-project-context/references/best-practices.md","850c45d2e1de44b1cd8e3b06b8175df53aac8983326d73351eab547bfacc532b"
"md","brief-template","bmm","bmm/plan/bmad-product-brief/assets/brief-template.md","bb28edf75d023067551c8d417b19b8803324e7acfb2ad0c80f882e9134f4c1f1"
"md","checklist","bmm","bmm/ship/bmad-correct-course/checklist.md","3e082b95def90ccb876e3101ce0bbaf797a0f03a9471e1347361897f27977327"
"md","checklist","bmm","bmm/ship/bmad-qa-generate-e2e-tests/checklist.md","b58f810aeb1040c2f6758c88aa133afce72f8cc178d3d97ff0fbaa3d943057dc"
"md","claims-check","bmm","bmm/ship/bmad-build/references/claims-check.md","50ea17cb89a78ef815286dde2dabfd09f1dc9841d07a10857f88b39ab7b9bd2a"
"md","claims-check","bmm","bmm/ship/bmad-build-auto/references/claims-check.md","50ea17cb89a78ef815286dde2dabfd09f1dc9841d07a10857f88b39ab7b9bd2a"
"md","claims-check","bmm","bmm/ship/bmad-code-review/references/claims-check.md","7be5d35dd90a1950addc2062acdf8669026b239117efe1e398da1e8161cfa6f9"
"md","color-themes","bmm","bmm/plan/bmad-ux/assets/color-themes.md","ccb6e4ef47a196476cf9392d788938ad3ca8d07b9ce095b7c092dcb4e06735f0"
"md","compile-epic-context","bmm","bmm/ship/bmad-build/compile-epic-context.md","6793b15ae85766cee529e6b349e45f2c6ec9e3212019611c29e8c77b4dc4b924"
"md","compile-epic-context","bmm","bmm/ship/bmad-build-auto/compile-epic-context.md","64d13b41974cfa0dfc1de64b6fbd8365e9b99f91c7c98f0ee1a9fbd018f324ca"
"md","creative-tools","bmm","bmm/plan/bmad-ux/references/creative-tools.md","e281292d7c0fdecdbb67ca9b7d95d4bed803626ba5edfd8dcc99146fcaa118e6"
"md","customer-faq","bmm","bmm/plan/bmad-prfaq/references/customer-faq.md","96f8565197649c58908a1d61b6cd805fd01f57da7945ba889c18d087ad597aeb"
"md","deletion-check","bmm","bmm/ship/bmad-build/references/deletion-check.md","0f1f124e4e957147e89164a272b10bedc694ad0d9ad2618c8610ac74ee9cb0da"
"md","deletion-check","bmm","bmm/ship/bmad-build-auto/references/deletion-check.md","0f1f124e4e957147e89164a272b10bedc694ad0d9ad2618c8610ac74ee9cb0da"
"md","deletion-check","bmm","bmm/ship/bmad-code-review/references/deletion-check.md","0f1f124e4e957147e89164a272b10bedc694ad0d9ad2618c8610ac74ee9cb0da"
"md","design-directions","bmm","bmm/plan/bmad-ux/assets/design-directions.md","eab73b948da76a27abc908e1e7d6b124e8ff0362e6dd1990f7e60b9541cbcb98"
"md","design-example-editorial","bmm","bmm/plan/bmad-ux/assets/design-example-editorial.md","a659166845b1a4ed3f9aef942c5935537a97382b10303684fbb78ed86265870e"
"md","design-example-mobile","bmm","bmm/plan/bmad-ux/assets/design-example-mobile.md","a93fb9f114f2e83af0c961c0d7909b3859fc80bcd713715517cd639a53a0372a"
"md","design-example-shadcn","bmm","bmm/plan/bmad-ux/assets/design-example-shadcn.md","25e0dfb2bb21483973a8f0a6ed650288b3dc2ae5ed02aa0f091bb9b6b0b39fc0"
"md","design-md-spec","bmm","bmm/plan/bmad-ux/references/design-md-spec.md","d04d5f663607aba3f3181e818ae33856e6caf5e560dcb16fa64ed80b7cf3d590"
"md","edge-case-hunter","bmm","bmm/ship/bmad-build/review-prompts/edge-case-hunter.md","b32ca5aa5703eb28d3fdc86e87be7abe3b9aab479d543584021f112415088077"
"md","edge-case-hunter","bmm","bmm/ship/bmad-build-auto/review-prompts/edge-case-hunter.md","b32ca5aa5703eb28d3fdc86e87be7abe3b9aab479d543584021f112415088077"
"md","edge-case-hunter","bmm","bmm/ship/bmad-code-review/review-prompts/edge-case-hunter.md","05f834b900b86b4c78494a7e96ee9ac3557396148acfada5f26bba8386d3163c"
"md","epics-template","bmm","bmm/plan/bmad-create-epics-and-stories/templates/epics-template.md","a804f740155156d89661fa04e7a4264a8f712c4dc227c44fd8ae804a9b0f6b72"
"md","evidence-gathering","bmm","bmm/ship/bmad-retrospective/references/evidence-gathering.md","575bace78d7c03c48d86a209dd664f7dd22295a222b75e6d6298894cb7b7ce00"
"md","excalidraw-wireframe","bmm","bmm/plan/bmad-ux/assets/excalidraw-wireframe.md","660bbcdebff50cd044a3752eda43f3cb303aca4b0f521b55a270da93b89ddb18"
"md","experience-example-mobile","bmm","bmm/plan/bmad-ux/assets/experience-example-mobile.md","f8cd54c92193cd8c34a472df9c212ac7330976f6a115b729721dcb60034dc4f0"
"md","experience-example-shadcn","bmm","bmm/plan/bmad-ux/assets/experience-example-shadcn.md","d6ca16e87b768e8b41f352c02ee08af21d7cdac04ca21e6ae1556864b4d27590"
"md","fix-sprint-status","bmm","bmm/plan/bmad-sprint-planning/references/fix-sprint-status.md","0406c31b70da33e2a354d9785f43d8f9918f4b923d0aac2ebd1e3707ebad5806"
"md","generate-tracking","bmm","bmm/plan/bmad-sprint-planning/references/generate-tracking.md","4dbf7aca26d0e6e893f288fc5e6158dbbcd65f77bbaf95e941ca705abceb1741"
"md","generate-trail","bmm","bmm/ship/bmad-walkthrough/generate-trail.md","4a5936d86fbe5a85285b4535097b1e2edda8849da35586f4b588a982d7224459"
"md","headless","bmm","bmm/plan/bmad-architecture/references/headless.md","4db2708f335c94cb024b5eba022b1e3d88b1ec61c94c4716626d9b89684f5833"
"md","headless","bmm","bmm/plan/bmad-prd/references/headless.md","4dad58ebee63933a53179016513ff94d143ce9f68e226489d390e2c36bf1d848"
"md","headless","bmm","bmm/plan/bmad-ux/references/headless.md","8da7e23d269b1644f45b5104a243a6a27fd8d075aebb95d9b7752f0d143f0f5d"
"md","headless-schemas","bmm","bmm/plan/bmad-prd/assets/headless-schemas.md","8d3621333a72400512bd62511bc4c73fc745711505e1f852c697ff8c5fa2de93"
"md","headless-schemas","bmm","bmm/plan/bmad-spec/assets/headless-schemas.md","83afb3614716db2347d83586a67b9c524492dd50db5282436ccb35c99fb5f08a"
"md","headless-schemas","bmm","bmm/plan/bmad-ux/assets/headless-schemas.md","e3a773dde85286f1a6f6dd8b26fc17e09ccea96f6257dfe7fb436353cd79242d"
"md","internal-faq","bmm","bmm/plan/bmad-prfaq/references/internal-faq.md","26eb83f844cda1ed8efb50f4703d61713ada8a64bd27eb387f759f858b5748de"
"md","key-screens","bmm","bmm/plan/bmad-ux/assets/key-screens.md","ff1c5060673dd595edd61e76806bae876264ec6895c2eaadf8a6190785bf5f7b"
"md","prd-template","bmm","bmm/plan/bmad-prd/assets/prd-template.md","b6fe8fc1390b8e46961d5eb5e6f2fe6c65dca2f30623d492677672e02868f7ab"
"md","prd-validation-checklist","bmm","bmm/plan/bmad-prd/assets/prd-validation-checklist.md","41d9f09064772a92ec908d970618e47ba63dc86b5c5a1a21d5a2c676d3ba8e3f"
"md","press-release","bmm","bmm/plan/bmad-prfaq/references/press-release.md","c406adb0e2d2cc326cbc45d0174f89d014523448ad82bc272293999d22aec596"
"md","prfaq-template","bmm","bmm/plan/bmad-prfaq/assets/prfaq-template.md","b27e6964f0437ab4e78c8c0ffbe5052c28e3b3ef2fc811726cbb394d5a5c7559"
"md","readiness-gate","bmm","bmm/plan/bmad-sprint-planning/references/readiness-gate.md","7d58ea61fafe3c1d8218203abc7512e322ca384c78d9e71829df55dfabe1245b"
"md","README","bmm","bmm/v6-shims/README.md","5495469425b50bca1cd74899c6ebfe840f137cf2a68d008bc993aa2574bd9972"
"md","retro-document","bmm","bmm/ship/bmad-retrospective/references/retro-document.md","de8164664cd2be7f73b8ba5552e9e0f58816d2a7c4be8efc7715461846bb7001"
"md","reviewer-gate","bmm","bmm/plan/bmad-architecture/references/reviewer-gate.md","d32e32a3c1d59b5612b947004f3f6fef1117a13ce9f1ffa428d616e0b5d4db69"
"md","SKILL","bmm","bmm/agents/bmad-agent-analyst/SKILL.md","bea3052cc1d735bb924ba5390439a39e223b17a8d7dc5185ca759af7bd787b02"
"md","SKILL","bmm","bmm/agents/bmad-agent-architect/SKILL.md","75fa73baee85a97ce378a1bb3423e9a2942e134cacbedee2ca373b54ad1b140e"
"md","SKILL","bmm","bmm/agents/bmad-agent-dev/SKILL.md","f2437e7d1c33e88aa7de4aa2a67330e81ed31948fd5f7c6de8ffd30c683cab73"
"md","SKILL","bmm","bmm/agents/bmad-agent-pm/SKILL.md","0fcf2e223a37f212b8e5ba293f85f3f0186a0ce9e15dd31e8c5ce5471e9a2d63"
"md","SKILL","bmm","bmm/agents/bmad-agent-ux-designer/SKILL.md","76c09ed03b59492d6f1ee3f204a1bd2116aa42a4d95c45dc626a0f0e7f7f350f"
"md","SKILL","bmm","bmm/plan/bmad-architecture/SKILL.md","c246446482a7d605dc0e115fdc6064935655936df1d12fa41f1cba6749873e7a"
"md","SKILL","bmm","bmm/plan/bmad-create-epics-and-stories/SKILL.md","6b27b0730c61309190eb7c9c84ae98b11cbfe7187941ef88f45ddc8ded850c04"
"md","SKILL","bmm","bmm/plan/bmad-prd/SKILL.md","ee18b31ff687bb502623512d0ce8c9288f4e4b748135568be37630a070c26e4f"
"md","SKILL","bmm","bmm/plan/bmad-prfaq/SKILL.md","d06cad4341ab97fcce90e526f9d93e1aeb2ddc778af1daeda4d6654eb78c39ca"
"md","SKILL","bmm","bmm/plan/bmad-product-brief/SKILL.md","cde9d0c03d2c2f12bcc974fb2c7635ba081322c4f892b1a2cd8b8feca07768fb"
"md","SKILL","bmm","bmm/plan/bmad-project-context/SKILL.md","c79a9a93be81a3f9ee263af230bb05273442fd629dcb85ffa96c1b4be83da054"
"md","SKILL","bmm","bmm/plan/bmad-spec/SKILL.md","24b46f7a4781d017771ebbfee239efb5359c6a3d5f3ca28b98e5550ca51ba6c8"
"md","SKILL","bmm","bmm/plan/bmad-sprint-planning/SKILL.md","2ac5fe09d842b05160bf90f375600ced95cc0c62b362453e6c383d3ea64690a9"
"md","SKILL","bmm","bmm/plan/bmad-ux/SKILL.md","d22e796e41cfed781e13eb95832e83b83d9da208be0aa54024ac86b98158e871"
"md","SKILL","bmm","bmm/ship/bmad-build/SKILL.md","bb97aa26213af602f7e4d28d4136ba708371c99cc9482086a754cdc2bc8b32f9"
"md","SKILL","bmm","bmm/ship/bmad-build-auto/SKILL.md","ea798a5f7df3b11eb73555a54fc0516c70d8f98739bd7857d968297b26f6ef94"
"md","SKILL","bmm","bmm/ship/bmad-code-review/SKILL.md","2cc6d294062f41ef9af5a519a0acd4a1364f1f2e6d2e6d7537d095e8394f27c2"
"md","SKILL","bmm","bmm/ship/bmad-correct-course/SKILL.md","ce0bf9b4de6ef857c01eb7acea042d26fa0fb8711a4d97a7629051af7780fb87"
"md","SKILL","bmm","bmm/ship/bmad-qa-generate-e2e-tests/SKILL.md","38cc5cec009cc55818375fa225bda3af09bf187bc004b8b09734c40bbeb8f039"
"md","SKILL","bmm","bmm/ship/bmad-retrospective/SKILL.md","f0de33d1359f786376a88e660b99e6b4c47bc218efb2fe1534c8cea8b958a56a"
"md","SKILL","bmm","bmm/ship/bmad-walkthrough/SKILL.md","139414efb391c4c1fa3b2927a5be51061a8f837b93b7a884545e120d8bf59411"
"md","spec-template","bmm","bmm/plan/bmad-spec/assets/spec-template.md","4b3a032c045fdd0903933446fc07f93e879997f28a0294ed4344da71192b20ee"
"md","spec-template","bmm","bmm/ship/bmad-build/spec-template.md","b6cec1cc4b52a346c4d69ed4410edec1a8cc2eff993f1027d6416bb95db50e12"
"md","spec-template","bmm","bmm/ship/bmad-build-auto/spec-template.md","aca415b9143b23e14ea0167c0f806703fa56f89d4461533d1d44e6fddd9f1555"
"md","spine-template","bmm","bmm/plan/bmad-architecture/assets/spine-template.md","ef4ff795624eb5439fae54a06edb389feb5a0cf79cb01ae007af51109335d198"
"md","status-view","bmm","bmm/plan/bmad-sprint-planning/references/status-view.md","c3547e221ebf6e55c874e2ada3e8c18198835213c76f0bb2e0e64150aac355ab"
"md","step-01-clarify-and-route","bmm","bmm/ship/bmad-build/step-01-clarify-and-route.md","f58c4f129a5dfa9ae4d482060e68edbe8ff396ba2eabdcc60478ede5a6f5d412"
"md","step-01-clarify-and-route","bmm","bmm/ship/bmad-build-auto/step-01-clarify-and-route.md","7480db7720720212bd045793fddcb91f06091fe512e53b38127f6440c3fd96e2"
"md","step-01-gather-context","bmm","bmm/ship/bmad-code-review/steps/step-01-gather-context.md","2714522d1069d4a52ee2a4fb88eeb5a62be0de7bf363abce36976c2a37a2983a"
"md","step-01-orientation","bmm","bmm/ship/bmad-walkthrough/step-01-orientation.md","d9e3b949c36d49a025f3535773af2b51888fe4ce616b6d6d69683a122716b1d2"
"md","step-01-validate-prerequisites","bmm","bmm/plan/bmad-create-epics-and-stories/steps/step-01-validate-prerequisites.md","7181608c1ee4e55c084c6627d68fc55a8a0b6917e489f8ac77531a0530428a30"
"md","step-02-design-epics","bmm","bmm/plan/bmad-create-epics-and-stories/steps/step-02-design-epics.md","7c66987808c1f84e853fe54b7aff26d209196d450b5644704110f124a15179bc"
"md","step-02-plan","bmm","bmm/ship/bmad-build/step-02-plan.md","6aadebf14b81aa3cd43a933089f96ecfc342bcff47a2b4105f680f6192b2b69e"
"md","step-02-plan","bmm","bmm/ship/bmad-build-auto/step-02-plan.md","a08e303c10f88dbfce88c55044757ec5059afe338793eb414e1ddb0b7c324625"
"md","step-02-review","bmm","bmm/ship/bmad-code-review/steps/step-02-review.md","387a9e24ed536848c1c4f0e788cf886e1e27327016840f2062b41904fa8ebfd4"
"md","step-02-walkthrough","bmm","bmm/ship/bmad-walkthrough/step-02-walkthrough.md","66cf893f8f968ee81034e9ccd8c20415692c3a8c23a9a143c2245fe6c800acdc"
"md","step-03-create-stories","bmm","bmm/plan/bmad-create-epics-and-stories/steps/step-03-create-stories.md","c5b787a82e4e49ed9cd9c028321ee1689f32b8cd69d89eea609b37cd3d481afc"
"md","step-03-detail-pass","bmm","bmm/ship/bmad-walkthrough/step-03-detail-pass.md","d48163b9f305f15af57729a8443142e47beb6c3e977554afe12b39ee49cb9fc0"
"md","step-03-implement","bmm","bmm/ship/bmad-build/step-03-implement.md","e7d4792e5b28b9bafc9a8f1cad0eed9e08d2cef0349d3476e4a70698095ff0e7"
"md","step-03-implement","bmm","bmm/ship/bmad-build-auto/step-03-implement.md","0dc9c9634eca148baaec03e7d154840a14101f92492b7ab469625bf13b4e2ab5"
"md","step-03-triage","bmm","bmm/ship/bmad-code-review/steps/step-03-triage.md","dec0028fd39869f9255023d19127367401550419abba146cdeedca4d1e64870a"
"md","step-04-final-validation","bmm","bmm/plan/bmad-create-epics-and-stories/steps/step-04-final-validation.md","5f6033e26ed06e070dcfcefb47d648b5a266012aaed7d53f028ab3f2c0542d20"
"md","step-04-present","bmm","bmm/ship/bmad-code-review/steps/step-04-present.md","26c6666a373b6041575d28f01346ccb46ea0e0997cdf6bde2858f625de280332"
"md","step-04-review","bmm","bmm/ship/bmad-build/step-04-review.md","8b43d85cfd682eb8fd2be44e5942769e76e60718e2ce00974a8e82f546c9eb16"
"md","step-04-review","bmm","bmm/ship/bmad-build-auto/step-04-review.md","2346fcedd562e1df8b70c65a0833523ebcc281101c26d24f1c1365f20a4a0c9b"
"md","step-04-testing","bmm","bmm/ship/bmad-walkthrough/step-04-testing.md","28a56e868968ea2d18add0df8c4bccced0f94b698e218df3d45ddac072ce369c"
"md","step-05-present","bmm","bmm/ship/bmad-build/step-05-present.md","93793270ede5bb33d003fd2a1fa44be8433277ecdea46ef981c3c7c6da8abe00"
"md","step-05-wrapup","bmm","bmm/ship/bmad-walkthrough/step-05-wrapup.md","b1f04d64f0c9c9e4c051ebdd81eee1083d60c6aaca96bb5d3d85e0cbeca0143e"
"md","step-oneshot","bmm","bmm/ship/bmad-build/step-oneshot.md","bc8010a98d47a3c46324c1a28a5ebef5693ac92d8ea58017ed6ba871f1dae73c"
"md","stories-schema","bmm","bmm/plan/bmad-spec/assets/stories-schema.md","4f8137c00e2710288354a4466d1cfb90704f4b2a04bd3b63924218fd589cc6a9"
"md","sync-sprint-status","bmm","bmm/ship/bmad-build/sync-sprint-status.md","6c9e2ec17245d2dcb796bd9a36997371a20db8e579a2f803d16064e3bc36c40b"
"md","team-discussion","bmm","bmm/ship/bmad-retrospective/references/team-discussion.md","a9c504c436038c7e47d08322413aa3c213d2859b36ae30e873cb8c60fd9e008e"
"md","template","bmm","bmm/plan/bmad-project-context/references/template.md","5e2bc291e734a481fd2925877adfbe82b03313f300baf67dfdb6fa22a1181601"
"md","validate","bmm","bmm/plan/bmad-prd/references/validate.md","19b2fa66d58cb4fef3d920cd09c81f8add4ee44dd4191bec87eaba84c2093338"
"md","validate","bmm","bmm/plan/bmad-sprint-planning/references/validate.md","ac680fa0a0f945a9bc0fc89ca709b2a8e6bc3b2617cd0d3d730378c4b5edd86d"
"md","validate","bmm","bmm/plan/bmad-ux/references/validate.md","7c2189d9ac1585d9408b6ed0346ba564869e7db89dba8f81044db3431cfcee65"
"md","verdict","bmm","bmm/plan/bmad-prfaq/references/verdict.md","81c06748ae2cb8e191cd282ecff83bea79532512c994fd4fffbf12c56be58a13"
"md","verification-gap","bmm","bmm/ship/bmad-build/review-prompts/verification-gap.md","ebae2f8df49944ba530edc9654ebdcade7866a38b404be42f94152efad344d69"
"md","verification-gap","bmm","bmm/ship/bmad-build-auto/review-prompts/verification-gap.md","ebae2f8df49944ba530edc9654ebdcade7866a38b404be42f94152efad344d69"
"md","verification-gap","bmm","bmm/ship/bmad-code-review/review-prompts/verification-gap.md","2ba5205a73e86727fe49748baebf0f055704ba7a47d412310a9f97844209e168"
"md","web-researcher","bmm","bmm/plan/bmad-prfaq/agents/web-researcher.md","6e9127bb9bd3e4b15c701e4ced9eef328769262cd34eadc221bebe954c1f3aef"
"md","workflow","bmm","bmm/ship/bmad-build/workflow.md","481ff00ef349a9c7845feca02bbfd5722b1e318ccabac858355da6c90c2d8a39"
"md","workflow","bmm","bmm/ship/bmad-build-auto/workflow.md","611f429206029a903ec9433ccdfd9b186fbafc6dc95da0a21fbcdf5965ad25ea"
"py","git_evidence","bmm","bmm/ship/bmad-retrospective/scripts/git_evidence.py","6e08688d2943217b61e784c7df3508aa1502d7cecf53ea7cd530944c431c91b6"
"py","lint_spine","bmm","bmm/plan/bmad-architecture/scripts/lint_spine.py","040e0f1c13d31e6a21c518df943d1d7de7b75d8d98a07603b0983f3f3fb500db"
"py","sprint_plan","bmm","bmm/plan/bmad-sprint-planning/scripts/sprint_plan.py","4c30f62c261599fc1da3fd319ea6ce5092aa0332221cedee1763a1040627e6bc"
"py","sprint_status","bmm","bmm/ship/bmad-retrospective/scripts/sprint_status.py","a697eecd53cd9177657aee4cfdb2eab06d7d81f3e855b096cfe0482a74c50ebe"
"py","test_git_evidence","bmm","bmm/ship/bmad-retrospective/scripts/tests/test_git_evidence.py","0abfc8fad338830fc2db656d3ccc500631b0ea7a2ab87d853c13a6bbd46ff13c"
"py","test_lint_spine","bmm","bmm/plan/bmad-architecture/scripts/tests/test_lint_spine.py","e86bb9a62c5cca74ddc89c843386f2b992610fcc1792d40e03bc9cd445b77681"
"py","test_sprint_plan","bmm","bmm/plan/bmad-sprint-planning/scripts/tests/test_sprint_plan.py","f1c3b640e156946b0a234e233807b2a3983cb0d3f2d13dbb9830fbe0c67e5238"
"py","test_sprint_status","bmm","bmm/ship/bmad-retrospective/scripts/tests/test_sprint_status.py","23da16cca54904a256fcf88fd8f912c3f6091ea343768c241bbd2aeebbca2af3"
"pyc","sprint_plan.cpython-311","bmm","bmm/plan/bmad-sprint-planning/scripts/__pycache__/sprint_plan.cpython-311.pyc","c46a6fd1a6283f590af5eed83a7fa09e99d36df72d875494aabfeeb473f4448f"
"pyc","sprint_status.cpython-311","bmm","bmm/ship/bmad-retrospective/scripts/__pycache__/sprint_status.cpython-311.pyc","df87a955dfe8b0e6a034e65dc70a89f4da7c90ee7008ccc720a84b936aa9f1d4"
"pyc","test_git_evidence.cpython-311-pytest-9.1.1","bmm","bmm/ship/bmad-retrospective/scripts/tests/__pycache__/test_git_evidence.cpython-311-pytest-9.1.1.pyc","cd05e436d83aba2007cb91660fc38d876d5e90a1158384c94138381f498de8a9"
"pyc","test_sprint_plan.cpython-311-pytest-9.1.1","bmm","bmm/plan/bmad-sprint-planning/scripts/tests/__pycache__/test_sprint_plan.cpython-311-pytest-9.1.1.pyc","cd26379d569d1f20e4ceaea8534149e3a103ef22373fc42db3d2050411d88ea2"
"pyc","test_sprint_status.cpython-311-pytest-9.1.1","bmm","bmm/ship/bmad-retrospective/scripts/tests/__pycache__/test_sprint_status.cpython-311-pytest-9.1.1.pyc","97710667f0ee119ee39020c86a147c003a8735dc025d16ae5c16a55846b6cf39"
"toml","customize","bmm","bmm/agents/bmad-agent-analyst/customize.toml","d6e2c5c660e8900866298961266a0b1c189c8643f2c1c9da602101e9f98d3388"
"toml","customize","bmm","bmm/agents/bmad-agent-architect/customize.toml","bd0ebb48faeab1e6f709d0291a13d33003484a597ed2b9c90f221b2345513b06"
"toml","customize","bmm","bmm/agents/bmad-agent-dev/customize.toml","ab52d8840427e10d5956b592c34e63edc77ebdafd7b54ce60da11cf67ed72ced"
"toml","customize","bmm","bmm/agents/bmad-agent-pm/customize.toml","4613c72cfe3bc3143bd50c5732bce464c21c7266fe7dd930bc659c54e7315b39"
"toml","customize","bmm","bmm/agents/bmad-agent-ux-designer/customize.toml","4acd1d9cdbf4a4328c389229ea9e9f2885d0692f8e10e3d9456da45844337c2c"
"toml","customize","bmm","bmm/plan/bmad-architecture/customize.toml","e9c5f75bd6605199f3908d6a1f013d6b42fb12b6f35c9a5e13a44f7f872b7b79"
"toml","customize","bmm","bmm/plan/bmad-create-epics-and-stories/customize.toml","e7633a4e6e33161c7cb13034e5132d9d29f8a7031e75765d16a60724f2089557"
"toml","customize","bmm","bmm/plan/bmad-prd/customize.toml","d23707fe7ff5f5060a05b5b8bda3f170b9b1d9be61e409e9f7ae91f83572db6a"
"toml","customize","bmm","bmm/plan/bmad-prfaq/customize.toml","b764b9ea360734d681115b958d0ccd478f1b56ce0045ecd6f71311ef005d8980"
"toml","customize","bmm","bmm/plan/bmad-product-brief/customize.toml","bef95b0ab71793d214ec59ed7397a25f7253e63fad5d60570248614db6186905"
"toml","customize","bmm","bmm/plan/bmad-project-context/customize.toml","9bf8a3aa919832cd8932853da550fcaebd06a9e13c0cde453f4379d8327f9c0f"
"toml","customize","bmm","bmm/plan/bmad-spec/customize.toml","d0f1f926bed79d514f8fdbc458a1883167fb64663bf2464c40e3c50dc2dcdbea"
"toml","customize","bmm","bmm/plan/bmad-sprint-planning/customize.toml","54c7f6a8af77ff7ea6c9dbb00b515023999e011aabc802b7b328e82f505b0299"
"toml","customize","bmm","bmm/plan/bmad-ux/customize.toml","e85144ed214dc1e002ee7fc6589a0a7ef352c5f79ab4cb37a4e05ee8e245549c"
"toml","customize","bmm","bmm/ship/bmad-build/customize.toml","e00bb80d278dc10651a5895d2578faffc0a9779ebb5d723c0993f5ae9334f26b"
"toml","customize","bmm","bmm/ship/bmad-build-auto/customize.toml","c2eead858089110ea446850ef84a425f2f264b75f54256db7e7ab6bbeeb37ddb"
"toml","customize","bmm","bmm/ship/bmad-code-review/customize.toml","5d4a2a237480f904ee4d717733bcd2eb4942679e7c0fd05f23d6b0e27e27751f"
"toml","customize","bmm","bmm/ship/bmad-correct-course/customize.toml","9990c3d4a1aa90a207f7e3380a7a48a5c9c005702194f63c6a959a4b1a18586f"
"toml","customize","bmm","bmm/ship/bmad-qa-generate-e2e-tests/customize.toml","4fbbd9d96e5af24ae012d33e59582b88867e8203dcd5a29f0d46b42ef6d747b8"
"toml","customize","bmm","bmm/ship/bmad-retrospective/customize.toml","33ce7da5bad6dfe1791218d8d607b749f9b58586b232df7ea0d3263ec50ec466"
"toml","customize","bmm","bmm/ship/bmad-walkthrough/customize.toml","2a4b14c5b25729a2d8fa9d9762ab3f12ac9429cfc6bd31fd80a81d86eed98630"
"yaml","config","bmm","bmm/config.yaml","7e24dec65571468a212938cec9cc1f39ed3e2b751764f6d8ff5f9326726ffa40"
"yaml","sprint-status-template","bmm","bmm/plan/bmad-sprint-planning/sprint-status-template.yaml","64b1a937e1fe03b8b8d158e3b1caeb89e7d51692a56c16038e2af091decc553a"
"yaml","sprint-status-template","bmm","bmm/ship/bmad-retrospective/scripts/tests/fixtures/sprint-status-template.yaml","64b1a937e1fe03b8b8d158e3b1caeb89e7d51692a56c16038e2af091decc553a"
"toml","config","config.toml","config.toml","f8904e4f60e37af037a1d88527eb02413e22c7ba6d1449b5e405c25210265528"
"toml","config.user","config.user.toml","config.user.toml","83d568382ae727c08d01f06bc1714a452c3d38f9905988937c3e20a498b65f0d"
"csv","brain-methods","core","core/bmad-brainstorming/assets/brain-methods.csv","fff112eabca1a9cb8b190f8314bc47678becc5782a2372e11c83daa0e33b6dfd"
"csv","methods","core","core/bmad-advanced-elicitation/assets/methods.csv","d110ff5f076fb9421552b83692fde2c2d367734049169c7a55f7267a3dc7ef89"
"csv","module-help","core","core/module-help.csv","05b2cd386e40e658cb5c54ea733247330df1ed921742b7107f602a02518e5f51"
"html","brain-selector","core","core/bmad-brainstorming/assets/brain-selector.html","c110919a3366bd96061f050f98503e3586185e3d1df5ff8b62a5a046c571a436"
"json","brain-icons","core","core/bmad-brainstorming/assets/brain-icons.json","a101c56e89f1d0f9e4131dfdfc19e10c746e3a61c3f92537d04a6f4897b7d331"
"md","academic-lit","core","core/bmad-deep-recon/types/academic-lit.md","514b0b7b1184cb95363dedeb0c2298a9bf5c430c74146fe2114f31780fadb325"
"md","competitive","core","core/bmad-deep-recon/types/competitive.md","39b53df87d295fdc4388719fcdf31ad2221e64afc136e669207f46d2727a3aec"
"md","converge","core","core/bmad-brainstorming/references/converge.md","1528c32ddc64f8061fec663306f7208d2fd4d4a90e660552b8138bda7e452dc0"
"md","create-party","core","core/bmad-party-mode/references/create-party.md","2f810332c36c17d14eb55717aed48f3020acf0713bb9f932479be9fbc3856e9e"
"md","domain","core","core/bmad-deep-recon/types/domain.md","3a34b2e62c3589f8c8d01158357ee9fba32648c9fdfe70035bb3ca971862896b"
"md","draft","core","core/bmad-deep-recon/references/draft.md","ac19b33a00ca529c3281df6076f87a833a3b11fc30915ca2c6e7590f7986b90e"
"md","editorial-common","core","core/bmad-review/references/editorial-common.md","f0cdc72ea345b2c5dc3001477b3dfcc909ca11b78f7db8865b6763d18ffc66c8"
"md","finalize","core","core/bmad-brainstorming/references/finalize.md","b6074e7fb4d86ffcf899abc50b9049b4a1f6fe550917f4be7a1c7a888477e07e"
"md","finalize","core","core/bmad-deep-recon/references/finalize.md","d2ba4bee615dfbca6e7725179fb5ebd856dd34a54ba3f306e25255dfd7b1d126"
"md","headless","core","core/bmad-brainstorming/references/headless.md","b8ea5951199cff7e4813e06aef35683ca0658230fa015e358cacc466b1138a42"
"md","html-briefing","core","core/bmad-deep-recon/references/html-briefing.md","cd3a88c1a5505fa7f1b715afc3adb34f3d64ade66f4c6b49a59f7e8cfcbe38d4"
"md","in-chat-techniques","core","core/bmad-brainstorming/references/in-chat-techniques.md","18239464e3e4f00ea9063d015d26d6b0a696b72e7e3c5be92352da6db9a3f244"
"md","lens-adversarial","core","core/bmad-review/references/lens-adversarial.md","7c5ce97ab2f3ecb96ceb6aa76417f68c1b7df535edd3cc51666d8e1216e6e557"
"md","lens-edge-case-hunter","core","core/bmad-review/references/lens-edge-case-hunter.md","45afb58e86c540afe5d0ffe210916d3cb43f6154e09e02718e2e1675e5ace91e"
"md","lens-prose","core","core/bmad-review/references/lens-prose.md","4cbcb1eaea8567d272f5db7c6cdfd74ed5a8aae6831053cb2f01cbfc2cb98b98"
"md","lens-structure","core","core/bmad-review/references/lens-structure.md","98c08221f517133e57ef6325013935360c3365ebd7dcb8411b2050d7df507ee3"
"md","lens-verification-gap","core","core/bmad-review/references/lens-verification-gap.md","e7123d81171eeeee1b3782d13d94c2988969fe357dd71949131a5eb97803e2c6"
"md","lifecycle","core","core/bmad-deep-recon/references/lifecycle.md","2315fd9cb9223504639616b861ad593bfecb53d605efbd598ae2cf94fb6c4cdf"
"md","market","core","core/bmad-deep-recon/types/market.md","81ac04499da441857672e29fcd7169436a7e239e67194288ac0d526ec514cb5e"
"md","mode-agent-team","core","core/bmad-party-mode/references/mode-agent-team.md","def759a17f4bb45463b68fb74c2b828b0a4241720b2b6cc1c9c611a1016ae9d7"
"md","mode-auto","core","core/bmad-party-mode/references/mode-auto.md","a37fd24f76dfcde385890d5c5947bb6f40ca44bea86c805d267b6ae3aab39f70"
"md","mode-autonomous","core","core/bmad-brainstorming/references/mode-autonomous.md","d815d2c7f0f8cc0cdfa7c619eaf61f59fd78142f13c69365eda257da38b97bdf"
"md","mode-facilitator","core","core/bmad-brainstorming/references/mode-facilitator.md","1b908498d285d190859aed00c3ba5b399d7f6aa8e94d54e95456d15cd6fe6073"
"md","mode-partner","core","core/bmad-brainstorming/references/mode-partner.md","caa0ed378c116def4de382f4e5a95173c6ae6cc5464f1792e7d8196360f79c8a"
"md","mode-subagent","core","core/bmad-party-mode/references/mode-subagent.md","86161b24a0b13b8f9cb9309042e4249d8caefff8cc33728b084cd2ec22f9d2e1"
"md","party-memory","core","core/bmad-party-mode/references/party-memory.md","800b4b4b920bb881a7b32aaabca8559a98273799b2476d83a23e290e301fb315"
"md","process","core","core/bmad-deep-recon/references/process.md","9017d04774807a29103ea97331e555e2793f90098af65752b72f3ee09df85906"
"md","README","core","core/v6-shims/README.md","017900bb03baeddc0262041a6aa85bce744e8c45991dcde32ef042f9bc2a32b2"
"md","research.template","core","core/bmad-deep-recon/assets/research.template.md","87d7cfa85fa5036b5a309b7bfb88f7934f50bb81f3cff02d2b49b4c7345cfc38"
"md","resume","core","core/bmad-brainstorming/references/resume.md","0f79535d72eefe6c55bd5ae47fe4753de8d27235cf129f10b2c596a124c26526"
"md","run","core","core/bmad-deep-recon/references/run.md","8e259dc88820ac989c79620af5c37e24f00df21ac4af308ce3563c0e66c9406c"
"md","selection","core","core/bmad-deep-recon/references/selection.md","2b488c08f9550afe7fda32c2dc5d4591927afd7b9ad507fcce0ae8593c4b9d31"
"md","SKILL","core","core/bmad-advanced-elicitation/SKILL.md","efe422c81a917908e7403417bb44a1a7861d57d58be7f7e3cc2e1210ac7d08b1"
"md","SKILL","core","core/bmad-brainstorming/SKILL.md","768fbdabc3eb0593765b8cf1892a2edbd8eb0d98d79fa7798376928850fb0764"
"md","SKILL","core","core/bmad-customize/SKILL.md","d79ae25cbb8da47f4ce8ea5a3effa4e6fff3d22ceb9cb307d272791ec70fae95"
"md","SKILL","core","core/bmad-deep-recon/SKILL.md","d7f7c5a5356d8ec04d744c9f627a9d08f6a4af8cd84831681e22a93032f01584"
"md","SKILL","core","core/bmad-forge-idea/SKILL.md","43999d95d6fe43af9cd8737ec307eb095802e6350fa0428bebaab4b224feb1fa"
"md","SKILL","core","core/bmad-help/SKILL.md","a7cd079825a181ef84aed6500f1353362c550f7c1a27993e9be7e8f5ee2d6163"
"md","SKILL","core","core/bmad-party-mode/SKILL.md","924361612bfd9b67fb57677bbdbbdb6c467dd2432707b6cfd7bba2b5c87b7451"
"md","SKILL","core","core/bmad-review/SKILL.md","ba13c703907bc825d02d3cfabb3123daca43d1196767d2aa6b9708861ecac8c4"
"md","structure-models","core","core/bmad-review/references/structure-models.md","f84f85070e1af75f2482757aba9d37d69d805a20826d185527e598f2ba6b9292"
"md","synthesis","core","core/bmad-deep-recon/references/synthesis.md","4d9ef1247ab45241f919010e94c99699abc0a6e18b5bd68fa93ae54afe59d172"
"md","technical","core","core/bmad-deep-recon/types/technical.md","55f71428c70547b89d67ef0c6cdad59caeb0ee21082cd1230c05618ba8d04707"
"md","user-voice","core","core/bmad-deep-recon/types/user-voice.md","1831ce46e53e8c68244d28e336c5ef9e53e64f21a00b74a817b9b2924c1e8e72"
"md","verification","core","core/bmad-deep-recon/references/verification.md","0393ded4828fec69a4819d7236827910d641d09c3b61144c0211a9a78776fdd2"
"py","brain","core","core/bmad-brainstorming/scripts/brain.py","f81b28fe590f607b95c7218a7cdd6fb6eb91d3a76b9671acf54bcaf36fd4e6ca"
"py","list_customizable_skills","core","core/bmad-customize/scripts/list_customizable_skills.py","8787f542930b927789e7fdf12bc5a67ff08e19865903a5ad05ff2cc8fc426b66"
"py","pick_methods","core","core/bmad-advanced-elicitation/scripts/pick_methods.py","60020ec4767894ea3d8707c4b61e78b679d434315be1dd29154bf64d88126fff"
"py","recon_kit","core","core/bmad-deep-recon/scripts/recon_kit.py","8cb5187b5114b779532907383a013d40fdea1022bb9bed9a23bd8d0fdfa79e8c"
"py","resolve_party","core","core/bmad-party-mode/scripts/resolve_party.py","0bed5ad2139f4412699c07d571c218470901b901ca4a72b441ec9308dbc8ce74"
"py","resolve_personas","core","core/bmad-forge-idea/scripts/resolve_personas.py","b3e5f2f38de013ad878d8ac9c1d4e77d555c2d665dd6c0bc16f9f567d2bbd30c"
"py","test_brain","core","core/bmad-brainstorming/scripts/tests/test_brain.py","b219da8e5e3ccd4ebae95fb02bc5683d6b62593d71db75a712adc7a1b9017bc3"
"py","test_list_customizable_skills","core","core/bmad-customize/scripts/tests/test_list_customizable_skills.py","24c3d384b3b5d490b7335c17866bfe0425af253ce669c32382fa88feb705934d"
"py","test_pick_methods","core","core/bmad-advanced-elicitation/scripts/tests/test_pick_methods.py","610099d8494529f9203d7262567810b500552bcef006b3b6388d58da3da71978"
"py","test_recon_kit","core","core/bmad-deep-recon/scripts/tests/test_recon_kit.py","1b4ddf482dd2d11a214ee2f821c35d7a8c41905b5d8d9cc69a293304bb8a1665"
"py","test_resolve_party","core","core/bmad-party-mode/scripts/tests/test_resolve_party.py","bb53fe03ec3013ed96c0fb399c1948f28bcf55cb2d7727fe0189343fcaa667d5"
"py","test_resolve_personas","core","core/bmad-forge-idea/scripts/tests/test_resolve_personas.py","1c4fa4b1d68bfbd10e4b38cad3c8286dad62345cebd08fe94a6862351b02855e"
"py","test_word_metrics","core","core/bmad-review/scripts/tests/test_word_metrics.py","3b5a285d3c9f611b3cda8c9c1d52d6b214c1f72e6e64a94ea5b0e220db5a8765"
"py","word_metrics","core","core/bmad-review/scripts/word_metrics.py","fb45007a7f3cfc18d13ee8bd4787facdaae297570193bc769456297dd33da78b"
"toml","customize","core","core/bmad-advanced-elicitation/customize.toml","735a276edd51786ccfd2c3417d9a2b9dee4244a6102698981b3888f68d979ed9"
"toml","customize","core","core/bmad-brainstorming/customize.toml","313c3b348473cd40ba02ceae4b299c617300af78debb2f5585c8d3941cc2d8d3"
"toml","customize","core","core/bmad-deep-recon/customize.toml","24d1383066034fd4fcf282279aaf0d29d21910fd1247dfe3dbad74a70e78814d"
"toml","customize","core","core/bmad-forge-idea/customize.toml","839f57b89c8b04038fa795525f55799ee5c23431b17d429fe668880e78399ef2"
"toml","customize","core","core/bmad-party-mode/customize.toml","332aca1a85a681ff38a78850deb552e954d6a7d0b32f8d22caf9b2b2324b4e24"
"toml","customize","core","core/bmad-review/customize.toml","005dde84f09c0b1ab0ef0ee87f1ed1985922c893089cc3595157611fb83b3ebd"
"yaml","config","core","core/config.yaml","4d604aa6860df99ac97ea5c4674212f4902595799ce5afdddb4957abe71b2196"
"csv","documentation-requirements","gds","gds/workflows/gds-document-project/documentation-requirements.csv","d1253b99e88250f2130516b56027ed706e643bfec3d99316727a4c6ec65c6c1d"
"csv","game-brain-methods","gds","gds/workflows/1-preproduction/gds-brainstorm-game/game-brain-methods.csv","9dd6c853bcd04038223abf0263c465381dace3c9b13c9eb637f22ce9dc93210e"
"csv","game-types","gds","gds/workflows/2-design/gds-gdd/assets/game-types.csv","a44c04d09432c886a7a5a8112474bd32540d8e84de25b308dca0f96e570651fd"
"csv","genre-complexity","gds","gds/workflows/2-design/gds-gdd/assets/genre-complexity.csv","eecea9633da780aab181f8e439bd5229be4794f26d5ccab7c433ee4865eee1f5"
"csv","module-help","gds","gds/module-help.csv","c686409c26d6d7eac5ed854c4d78591df9a6aec10c4f4241825d5a1a3d5d587d"
"csv","pattern-categories","gds","gds/workflows/3-technical/gds-game-architecture/pattern-categories.csv","d9a275931bfed32a65106ce374f2bf8e48ecc9327102a08f53b25818a8c78c04"
"csv","qa-index","gds","gds/agents/gds-agent-game-dev/gametest/qa-index.csv","daa577ca80b3b51c08a8ed5521e4a25553d7d32a3342dbde40ccaee4a20351eb"
"html","validation-report-template","gds","gds/workflows/2-design/gds-gdd/assets/validation-report-template.html","c0a5b68ef9352f7c9929ccdb0b06621e421cbf0f2d8d54f3feb3bd84f37e7925"
"html","validation-report-template","gds","gds/workflows/2-design/gds-prd/assets/validation-report-template.html","20efebcfa14978bf5b4128996c575be8b447d28d578ee8c5c36f8d15f079ae2f"
"html","validation-report-template","gds","gds/workflows/2-design/gds-ux/assets/validation-report-template.html","8656945636fabe96624f8ef8fce931b073b5aecbe42d490584c1d5c7f31e1353"
"json","project-scan-report-schema","gds","gds/workflows/gds-document-project/templates/project-scan-report-schema.json","53255f15a10cab801a1d75b4318cdb0095eed08c51b3323b7e6c236ae6b399b7"
"md","action-platformer","gds","gds/workflows/2-design/gds-gdd/assets/game-types/action-platformer.md","f1cbe9e9a52acd01ff120d05ce22fa81b30500933f62a3c6c36642280244057c"
"md","adventure","gds","gds/workflows/2-design/gds-gdd/assets/game-types/adventure.md","06aa57786c2e7ebc7580d501fcdefaabb28933c7b5785d6643bf643f58ae13e7"
"md","architecture-template","gds","gds/workflows/3-technical/gds-game-architecture/templates/architecture-template.md","91655e166f5a2f3f56ae09997107eab15772c1e4d9186397bce0339eca7be32f"
"md","backlog-template","gds","gds/workflows/4-production/gds-code-review/backlog-template.md","84b1381c05012999ff9a8b036b11c8aa2f926db4d840d256b56d2fa5c11f4ef7"
"md","balance-testing","gds","gds/agents/gds-agent-game-dev/gametest/knowledge/balance-testing.md","01843831d603883219828afbe19784864464277f3bcddb2c104ff05bedbb8053"
"md","brief-template","gds","gds/workflows/1-preproduction/gds-create-game-brief/assets/brief-template.md","3319bf1d756ff692ef6a1295a5a37bec957d1146290ca6a22281900ed562e52a"
"md","card-game","gds","gds/workflows/2-design/gds-gdd/assets/game-types/card-game.md","6b9298ace2607c8e93d64533e6406828053234282e4977e4407faa2e9302fd0a"
"md","case-file-template","gds","gds/workflows/4-production/gds-investigate/references/case-file-template.md","9dccb41f3f3fc796b42411966e51b32c4231aaceb4b6bb1880a16225a990002e"
"md","certification-testing","gds","gds/agents/gds-agent-game-dev/gametest/knowledge/certification-testing.md","9e7f57aac247f9c4d384b498f749e2e2376b8706066fb60d3e7b9c27d3ffccab"
"md","checklist","gds","gds/workflows/2-design/gds-create-narrative/checklist.md","9bcfa41212cd74869199dba1a7d9cd5691e2bbc49e6b74b11e51c32955477524"
"md","checklist","gds","gds/workflows/3-technical/gds-game-architecture/checklist.md","289baf9035dd22a4159a78b20afe93bb549d6177f95d261054ded79b4667052e"
"md","checklist","gds","gds/workflows/4-production/gds-code-review/checklist.md","e30d2890ba5c50777bbe04071f754e975a1d7ec168501f321a79169c4201dd28"
"md","checklist","gds","gds/workflows/4-production/gds-correct-course/checklist.md","3e082b95def90ccb876e3101ce0bbaf797a0f03a9471e1347361897f27977327"
"md","checklist","gds","gds/workflows/4-production/gds-create-story/checklist.md","0694a44014e15c7724b6268b6d96a41cbbdb7a9a33597d787078e652f4223280"
"md","checklist","gds","gds/workflows/4-production/gds-dev-story/checklist.md","630b68c6824a8785003a65553c1f335222b17be93b1bd80524c23b38bde1d8af"
"md","checklist","gds","gds/workflows/4-production/gds-sprint-planning/checklist.md","80b10aedcf88ab1641b8e5f99c9a400c8fd9014f13ca65befc5c83992e367dd7"
"md","checklist","gds","gds/workflows/gametest/gds-e2e-scaffold/checklist.md","0bf93f3994d88ea73024ddb90682a78b7d5d2ac9f39e0db18f372be06f79bff1"
"md","checklist","gds","gds/workflows/gametest/gds-performance-test/checklist.md","20ab16701d3b0e51b90bcf394f9a74afc40e3db8e04dbdc6fff6f88287639954"
"md","checklist","gds","gds/workflows/gametest/gds-playtest-plan/checklist.md","7d504957f7edb22081f5ae01b6f35db118414c33b4f612b6cd08b5f71645cbf3"
"md","checklist","gds","gds/workflows/gametest/gds-test-automate/checklist.md","b2eefabfba15ccf30a49d46eb0e2b3f9e88304e1c1bbe6febe00d1006d85e155"
"md","checklist","gds","gds/workflows/gametest/gds-test-design/checklist.md","5346d6af9545fed2f338834d58624b84598e4527cc21718b77bf9166b8a80840"
"md","checklist","gds","gds/workflows/gametest/gds-test-framework/checklist.md","cb4e9255f7386eed2244e77d74a9086980950f3d62927f38f6ee7707676c1a39"
"md","checklist","gds","gds/workflows/gametest/gds-test-review/checklist.md","2444685b29ed742dacfbab77f17cfbc17bd2fd4f91917afb01eb2b9c3f33ffca"
"md","checklist","gds","gds/workflows/gds-document-project/checklist.md","581b0b034c25de17ac3678db2dbafedaeb113de37ddf15a4df6584cf2324a7d7"
"md","color-themes","gds","gds/workflows/2-design/gds-ux/assets/color-themes.md","ccb6e4ef47a196476cf9392d788938ad3ca8d07b9ce095b7c092dcb4e06735f0"
"md","compatibility-testing","gds","gds/agents/gds-agent-game-dev/gametest/knowledge/compatibility-testing.md","52647005c34e8219084c35536c6bcdec284936cdaf215cd0c6d130804f3823d7"
"md","compile-epic-context","gds","gds/workflows/gds-quick-flow/gds-quick-dev/compile-epic-context.md","5cfda02f252941e415b80c57b4528f46226b3cbf456ad45d78fcb5a7ef4816e2"
"md","creative-tools","gds","gds/workflows/2-design/gds-ux/references/creative-tools.md","b664e285263e8d30d379f89ad636b00a797c14e72712622697621c7b9fb8720e"
"md","deep-dive-instructions","gds","gds/workflows/gds-document-project/workflows/deep-dive-instructions.md","24fb9ef4ed8e52bd3fe3615bce5a70fe65785231653499f53603f41dc7eb317c"
"md","deep-dive-template","gds","gds/workflows/gds-document-project/templates/deep-dive-template.md","6198aa731d87d6a318b5b8d180fc29b9aa53ff0966e02391c17333818e94ffe9"
"md","deep-dive-workflow","gds","gds/workflows/gds-document-project/workflows/deep-dive-workflow.md","ea0c34679e4f06cd2e5d04bc71bdb337e45a6b8194d0e0f00ca7bde22815f66f"
"md","design-directions","gds","gds/workflows/2-design/gds-ux/assets/design-directions.md","a27225c4ebd80689d8f98c711c15ce8d525c0229bf7247591a7423f20ba88e74"
"md","design-example-editorial","gds","gds/workflows/2-design/gds-ux/assets/design-example-editorial.md","a659166845b1a4ed3f9aef942c5935537a97382b10303684fbb78ed86265870e"
"md","design-example-game","gds","gds/workflows/2-design/gds-ux/assets/design-example-game.md","b16aedb914f593bffcbffc09ef346660ba2ea1935630752eae226818d565ec6a"
"md","design-example-mobile","gds","gds/workflows/2-design/gds-ux/assets/design-example-mobile.md","a93fb9f114f2e83af0c961c0d7909b3859fc80bcd713715517cd639a53a0372a"
"md","design-md-spec","gds","gds/workflows/2-design/gds-ux/references/design-md-spec.md","d04d5f663607aba3f3181e818ae33856e6caf5e560dcb16fa64ed80b7cf3d590"
"md","discover-inputs","gds","gds/workflows/4-production/gds-code-review/discover-inputs.md","dfedba6a8ea05c9a91c6d202c4b29ee3ea793d8ef77575034787ae0fef280507"
"md","discover-inputs","gds","gds/workflows/4-production/gds-create-story/discover-inputs.md","dfedba6a8ea05c9a91c6d202c4b29ee3ea793d8ef77575034787ae0fef280507"
"md","documentation-standards","gds","gds/agents/gds-agent-tech-writer/documentation-standards.md","b046192ee42fcd1a3e9b2ae6911a0db38510323d072c8d75bad0594f943039e4"
"md","e2e-testing","gds","gds/agents/gds-agent-game-dev/gametest/knowledge/e2e-testing.md","e6480e6a6011c21fd68dc4eeb1d00653773c5436c67b7baaaa22ab168fc4aa69"
"md","epics-template","gds","gds/workflows/3-technical/gds-create-epics-and-stories/templates/epics-template.md","e61ae220bfb3e2394e0f0d58dc4c5436343703b0ff8efe18e0f690b584571927"
"md","excalidraw-wireframe","gds","gds/workflows/2-design/gds-ux/assets/excalidraw-wireframe.md","660bbcdebff50cd044a3752eda43f3cb303aca4b0f521b55a270da93b89ddb18"
"md","experience-example-game","gds","gds/workflows/2-design/gds-ux/assets/experience-example-game.md","38946a7aeeb04cb580259be811f90fb7ddee202f265699a863816882aaa56e33"
"md","experience-example-mobile","gds","gds/workflows/2-design/gds-ux/assets/experience-example-mobile.md","f8cd54c92193cd8c34a472df9c212ac7330976f6a115b729721dcb60034dc4f0"
"md","explain-concept","gds","gds/agents/gds-agent-tech-writer/explain-concept.md","6ea82dbe4e41d4bb8880cbaa62d936e40cef18f8c038be73ae6e09c462abafc9"
"md","facilitation-guide","gds","gds/workflows/2-design/gds-gdd/references/facilitation-guide.md","2768ba0f624c0cc3ffb410eb57eb56a3919852248d7d7afd07cb66368f4e2aef"
"md","fighting","gds","gds/workflows/2-design/gds-gdd/assets/game-types/fighting.md","52e5a142aac496ae7154fc0829bfbce1ef22296f0a464cf8e595aa14ca02eb86"
"md","full-scan-instructions","gds","gds/workflows/gds-document-project/workflows/full-scan-instructions.md","bd68bbb87567c6a73be98784729d27618369a8ea914f18870689c574031bd8c7"
"md","full-scan-workflow","gds","gds/workflows/gds-document-project/workflows/full-scan-workflow.md","3c9f0ab595c2ca465d47d3c67ad64da5995017891f7376960a9af9e8a7cd73dd"
"md","game-context","gds","gds/workflows/1-preproduction/gds-brainstorm-game/game-context.md","d0f5cb4d6151bb65b799676281ea2af0fe1b5ec227c92ceba655ba363e18a0ba"
"md","gdd-purpose","gds","gds/workflows/2-design/gds-gdd/references/gdd-purpose.md","a46b9801158f2acbccd0784b8924438c7720799d18bd7c65f62f8a37cd4cb5ac"
"md","gdd-template","gds","gds/workflows/2-design/gds-gdd/assets/gdd-template.md","070ccbb7f491dc1b1d126245c2e4db4a55dbc5a7ee6a6df4be521ca70e3c9ea6"
"md","gdd-validation-checklist","gds","gds/workflows/2-design/gds-gdd/assets/gdd-validation-checklist.md","d54f803a44a158259487d619cc542c4de311dd213c079d6cdce7ddfb20c4aa0b"
"md","godot-engine","gds","gds/workflows/3-technical/gds-game-architecture/knowledge/godot-engine.md","1b86527d29e44f0bdeab87e25424997502cc675b1982e217be579ac6849e87db"
"md","godot-testing","gds","gds/agents/gds-agent-game-dev/gametest/knowledge/godot-testing.md","17b51e665fe6c0e49d7619710bf5a199b3feb3de2f035aff03075a2e7aadf4ac"
"md","headless","gds","gds/workflows/2-design/gds-gdd/references/headless.md","20d1c915efcf40d98197f96f9ff6cbda1f586110605a53246f8953842ffee404"
"md","headless","gds","gds/workflows/2-design/gds-prd/references/headless.md","0121ff882913a73aac057a62e27eaf931abfa99002a70685cbf19a524db9cfe7"
"md","headless","gds","gds/workflows/2-design/gds-ux/references/headless.md","26943a9482800603334a9eeb3f27363ac91d4061ae3ee67d32a0f78e1fe61c22"
"md","headless-schemas","gds","gds/workflows/2-design/gds-gdd/assets/headless-schemas.md","71b52f33a1fd1d1a003221ad5eda56146f09cff8e1bbd2afcbc321042c2fa0b5"
"md","headless-schemas","gds","gds/workflows/2-design/gds-prd/assets/headless-schemas.md","8714be1b32f11d82bf36d9b7ad760b119c1b99cd6cb8c1e853719d302c7a8f5b"
"md","headless-schemas","gds","gds/workflows/2-design/gds-ux/assets/headless-schemas.md","ea85db9a686eb59cb62395b72ea6f27c8ff4205a17edb5b70d959c6ed16a8b94"
"md","horror","gds","gds/workflows/2-design/gds-gdd/assets/game-types/horror.md","7ff7599d5701bb7a8ef0e14f3ba614626cdd0d8960a8e880fc1cd41c5f508f75"
"md","idle-incremental","gds","gds/workflows/2-design/gds-gdd/assets/game-types/idle-incremental.md","515b52bb301e467c1f096cc55abde47159bb0b0d87157b9fa565973b48601ddf"
"md","index-template","gds","gds/workflows/gds-document-project/templates/index-template.md","42c8a14f53088e4fda82f26a3fe41dc8a89d4bcb7a9659dd696136378b64ee90"
"md","input-testing","gds","gds/agents/gds-agent-game-dev/gametest/knowledge/input-testing.md","331c6c844db592deac86847e3982b5fad8ebb7ead322ab637093f92152bfe90d"
"md","instructions","gds","gds/workflows/gds-document-project/instructions.md","ce4a5c9cc307804cf609a38d11ae6faf9a01fc1011e45d274226764e106e9ab3"
"md","key-screens","gds","gds/workflows/2-design/gds-ux/assets/key-screens.md","a546c6071f62ee4298c7ecb2b4d52e90d5db82dd65ed6a870787b2d54c0f9204"
"md","localization-testing","gds","gds/agents/gds-agent-game-dev/gametest/knowledge/localization-testing.md","6eee5cccfd9a81db853a8aa2327bd5f898276155a0868758a2c76c6e9094d0fe"
"md","mermaid-gen","gds","gds/agents/gds-agent-tech-writer/mermaid-gen.md","1d83fcc5fa842bc31ecd9fd7e45fbf013fabcadf0022d3391fff5b53b48e4b5d"
"md","metroidvania","gds","gds/workflows/2-design/gds-gdd/assets/game-types/metroidvania.md","2a8c101dda7911d1cd1d9c66d1be86af3725832f5dcc7fab71e95204f45614ea"
"md","moba","gds","gds/workflows/2-design/gds-gdd/assets/game-types/moba.md","92d0ba9f7508a38d5bfeac1651c6aee8a1a58c54659ad3f0e0d1fd678a1ef498"
"md","multiplayer-testing","gds","gds/agents/gds-agent-game-dev/gametest/knowledge/multiplayer-testing.md","51ac9e47ba1a8ddae7720d301f97596d67d72252d91cd44338fd73353fc5969d"
"md","narrative-template","gds","gds/workflows/2-design/gds-create-narrative/templates/narrative-template.md","a97e07173c540f85e946eb9c525e1ccad9294ae5f970760f2a9c537b5c0dcd6b"
"md","party-game","gds","gds/workflows/2-design/gds-gdd/assets/game-types/party-game.md","0cc50b3aede0c45c94cdff743cdac2d8ad67421ea80497a29d2300a1744ea703"
"md","performance-template","gds","gds/workflows/gametest/gds-performance-test/performance-template.md","4bd04e73953f2f3dedff20b9032f99023656f141f21c080e49f15060c64ffa80"
"md","performance-testing","gds","gds/agents/gds-agent-game-dev/gametest/knowledge/performance-testing.md","b9acfb6f8d20b9f9d2e7b83419298f3053f6fc5dab5cb9005898d133556c09fe"
"md","phaser-engine","gds","gds/workflows/3-technical/gds-game-architecture/knowledge/phaser-engine.md","23536650150ed5f2a794e081fba4669abfb953c8e0be6ac6b000e17d35eebb3d"
"md","playtest-template","gds","gds/workflows/gametest/gds-playtest-plan/playtest-template.md","8fa7654007f4f881f0167cb252b6b9ca63c0735fb9e6ef63a4bc81954b428f47"
"md","playtesting","gds","gds/agents/gds-agent-game-dev/gametest/knowledge/playtesting.md","bd989a375d3e444da9b892bf0e33ed98c9f9d88f578f260501c3eaf7553d0b3c"
"md","prd-template","gds","gds/workflows/2-design/gds-prd/assets/prd-template.md","4439947e999052d4d0eadae983cb959769715ca6378c87bd61f2b08bd9658a79"
"md","prd-validation-checklist","gds","gds/workflows/2-design/gds-prd/assets/prd-validation-checklist.md","6de1eb75cf50b42db0433405d8c7c547e09eadd5ed25af7139e90a1ef90ad3e4"
"md","probing","gds","gds/workflows/2-design/gds-prd/references/probing.md","2eaef950498cec0c4a1be7cb8bf29fd2d0f6653710409ab21f7c3f4c62d36683"
"md","project-context-template","gds","gds/workflows/3-technical/gds-generate-project-context/project-context-template.md","4816f83b0edc8c7e19a57e4a4a6419ca40953fc7dcd48326700f2876e77c60fa"
"md","project-overview-template","gds","gds/workflows/gds-document-project/templates/project-overview-template.md","a7c7325b75a5a678dca391b9b69b1e3409cfbe6da95e70443ed3ace164e287b2"
"md","puzzle","gds","gds/workflows/2-design/gds-gdd/assets/game-types/puzzle.md","f9c08b6f087bfaa41ea08c9dfa78aa034f5ae46b627b9f476bdf8b4f5c3389ed"
"md","qa-automation","gds","gds/agents/gds-agent-game-dev/gametest/knowledge/qa-automation.md","1de6d14ea9299a2b73a2da33dff6c5b4c1bf5757365a5449968589baaa123cbc"
"md","racing","gds","gds/workflows/2-design/gds-gdd/assets/game-types/racing.md","085ea5d0914d7bc6a233c479d0ad6288a575ad1c8b9a8a85881e779fac0e60fc"
"md","readiness-report-template","gds","gds/workflows/3-technical/gds-check-implementation-readiness/templates/readiness-report-template.md","0da97ab1e38818e642f36dc0ef24d2dae69fc6e0be59924dc2dbf44329738ff6"
"md","regression-testing","gds","gds/agents/gds-agent-game-dev/gametest/knowledge/regression-testing.md","bbf85811219194de9df3499277f93427d2cc623384a8f1ac22726067ab6426dd"
"md","research.template","gds","gds/workflows/1-preproduction/research/gds-domain-research/research.template.md","507bb6729476246b1ca2fca4693986d286a33af5529b6cd5cb1b0bb5ea9926ce"
"md","rhythm","gds","gds/workflows/2-design/gds-gdd/assets/game-types/rhythm.md","83bbf1761fdc604b8c2b50ed86c5874cce331417e1b3a46c65cb6c4c1a7c8db2"
"md","roblox-engine","gds","gds/workflows/3-technical/gds-game-architecture/knowledge/roblox-engine.md","2f723a79962ebd17e023801b40963e2c8f459d9cc8a2ee2556b7efa971b64aad"
"md","roguelike","gds","gds/workflows/2-design/gds-gdd/assets/game-types/roguelike.md","fb1ebc838011020a6f740e6fb4f2ceb81be8477f9c67bc7ae3a8e34dfe548f00"
"md","rpg","gds","gds/workflows/2-design/gds-gdd/assets/game-types/rpg.md","5aa57ecefb448a0507ee0c8d503b43bd34d0c612ba130240d1af9842b80cba50"
"md","sandbox","gds","gds/workflows/2-design/gds-gdd/assets/game-types/sandbox.md","836f656bbaae549f31ac574c0865a61de451c08ab8c561db2c93398e147ece85"
"md","save-testing","gds","gds/agents/gds-agent-game-dev/gametest/knowledge/save-testing.md","b64e42def93f604dcfadd6ed81c8950e1d0eb75d936f1da7de3f727323e76201"
"md","shooter","gds","gds/workflows/2-design/gds-gdd/assets/game-types/shooter.md","2452850295ac2b9fac04ce2d6126bfc19bb7dccbb04c40e7f89c801aecc5555d"
"md","simulation","gds","gds/workflows/2-design/gds-gdd/assets/game-types/simulation.md","fd74a7d21243f8d9827fe6a99263579309bc0aabd9e56261d3dd4eb5cfc75ad5"
"md","SKILL","gds","gds/agents/gds-agent-game-architect/SKILL.md","bd642c7902895b6884835f9eb7c8b07578fc900f6d436c559272bab55c8f8d42"
"md","SKILL","gds","gds/agents/gds-agent-game-designer/SKILL.md","ba7dbf58c55c14c6023b1c98772ac2addd3b5b50bab1c514c756024782652a5b"
"md","SKILL","gds","gds/agents/gds-agent-game-dev/SKILL.md","b9c3f84cdb17934939126c40ce43facbfb185e0267e617de5320a832178ead5a"
"md","SKILL","gds","gds/agents/gds-agent-game-solo-dev/SKILL.md","a4b4a754a42183f0c5870908c2bf73c9381457ed6b0d9bc688d4b6d7bf84c9ec"
"md","SKILL","gds","gds/agents/gds-agent-tech-writer/SKILL.md","c9bad02829ac13fc4f84a1e021a41bd096e7abe7f191bed17db0642d8b371ccf"
"md","SKILL","gds","gds/workflows/1-preproduction/gds-brainstorm-game/SKILL.md","61acd5b3c98ec0b4a028a2f6a7b1729b0aac2fb9d62ac834c003d53d5bc8a7ae"
"md","SKILL","gds","gds/workflows/1-preproduction/gds-create-game-brief/SKILL.md","7d10a404b74c00e868c26155e82d9c4068c5797f634ebb3dc0a1974b0715a04d"
"md","SKILL","gds","gds/workflows/1-preproduction/research/gds-domain-research/SKILL.md","27da2ac7517ba2fc5272e4558806431fd62c6cbab38d2a2160a7d64b57a92041"
"md","SKILL","gds","gds/workflows/2-design/gds-create-narrative/SKILL.md","affb57a7e8ba05520c64bc47cdc44380c7b2799d7616e7702f6e7838d0ade06e"
"md","SKILL","gds","gds/workflows/2-design/gds-gdd/SKILL.md","5727cba0a5f89471f54e13286a8c7d5fa2c7b076a6c5375bb558d72d1bd76dd8"
"md","SKILL","gds","gds/workflows/2-design/gds-prd/SKILL.md","1e45de705050268a937e8aa2cb77f4a3732f4a6fc3f9df1e80d1076def18a701"
"md","SKILL","gds","gds/workflows/2-design/gds-ux/SKILL.md","bf31c68f18fc864873f5563d45508d4058a852d498d1cf71336dd6a817561636"
"md","SKILL","gds","gds/workflows/3-technical/gds-check-implementation-readiness/SKILL.md","4b61d3522f1667f11f425b72caebdb107e341cff925bdc853050648e9bd41ea9"
"md","SKILL","gds","gds/workflows/3-technical/gds-create-epics-and-stories/SKILL.md","c456c05fe050f082be1faa2b241a0babf18af65968f8d9a40af9acc13a7db919"
"md","SKILL","gds","gds/workflows/3-technical/gds-game-architecture/SKILL.md","828d88fc637613c8bee68b16d3fd621ec36f18448ca16c0d3bd4221595d9bfb4"
"md","SKILL","gds","gds/workflows/3-technical/gds-generate-project-context/SKILL.md","93562aae02657701e21f0a83a93506b780826190e2805c6f6337b2a0a17e2f29"
"md","SKILL","gds","gds/workflows/4-production/gds-code-review/SKILL.md","bec02f299c734e4a2965d0a7cf53d1f7a5f3e4f77059756324cd651df0f0a6ed"
"md","SKILL","gds","gds/workflows/4-production/gds-correct-course/SKILL.md","b81d98a427fa8858d5fab4839ad275d0f6cfc0de4f0d294de46785d5b6588609"
"md","SKILL","gds","gds/workflows/4-production/gds-create-story/SKILL.md","bea65d2f577306f1ba5e163fa938db89fe596d887656a6a43d6f9a08718f6c92"
"md","SKILL","gds","gds/workflows/4-production/gds-dev-story/SKILL.md","788b6c43f0ab6a9d6e3f684edf19cc9371a2add8715800f2b18125aee0ad1dd3"
"md","SKILL","gds","gds/workflows/4-production/gds-investigate/SKILL.md","16f910aaf1232f2283ab47519e103e4b1a82280696acd8f1697355f20a27beb2"
"md","SKILL","gds","gds/workflows/4-production/gds-retrospective/SKILL.md","9af29ed6edd93688f005bd09bfc88cf4c5cf91b10dd4af253a93957a0d4127cf"
"md","SKILL","gds","gds/workflows/4-production/gds-sprint-planning/SKILL.md","d53fac8fd2282bc0cb63f719c5c2200ad45a9d27df93fd528152810773a4489e"
"md","SKILL","gds","gds/workflows/4-production/gds-sprint-status/SKILL.md","c7d870f5fe2e7513d2a0f7eeb38cac6fcf87bae73b95b1cda4c07196a6092cec"
"md","SKILL","gds","gds/workflows/gametest/gds-e2e-scaffold/SKILL.md","72f5a480aa723dc7194df862d39f6a59ac40e9772e89a895bb98c31f4e5c295a"
"md","SKILL","gds","gds/workflows/gametest/gds-performance-test/SKILL.md","732917313fe177b6469cb8a0c02d3268a3dc2642bc06dc0a1a3b159c32266838"
"md","SKILL","gds","gds/workflows/gametest/gds-playtest-plan/SKILL.md","22962d01c17f535ab515a3a363518a40852d5ae64ab92b172bc5f1536bfde50e"
"md","SKILL","gds","gds/workflows/gametest/gds-test-automate/SKILL.md","d89c2005d950331c435b7c47321db03c71f6c884d071956b644a3010fcba5e62"
"md","SKILL","gds","gds/workflows/gametest/gds-test-design/SKILL.md","279c1cb7ff4a80482cdecea0f3efb8683e7042d402af660fa35a4a0810965813"
"md","SKILL","gds","gds/workflows/gametest/gds-test-framework/SKILL.md","c28ec67e4d9043b470ceb9700477fcb3782448d9884d50e87020a2c0f7f0cdda"
"md","SKILL","gds","gds/workflows/gametest/gds-test-review/SKILL.md","c4b77659276fe3c3dff9be6a44be3e4eed6e9474594a07e99ed45a83e63ee4f9"
"md","SKILL","gds","gds/workflows/gds-document-project/SKILL.md","25a3bf25915df6c84624eb629a15a4d65704b30fd498b779a874259d5d972295"
"md","SKILL","gds","gds/workflows/gds-quick-flow/gds-quick-dev/SKILL.md","cc3bd9014a4762cd2b30300ff00046d7a412110c9d9d06200fbfa7807a0b17ec"
"md","smoke-testing","gds","gds/agents/gds-agent-game-dev/gametest/knowledge/smoke-testing.md","41843100e39f9a2d48316623d979cfdeed5f0977db5241a1a52f1049301dcd6f"
"md","source-tree-template","gds","gds/workflows/gds-document-project/templates/source-tree-template.md","109bc335ebb22f932b37c24cdc777a351264191825444a4d147c9b82a1e2ad7a"
"md","spec-template","gds","gds/workflows/gds-quick-flow/gds-quick-dev/spec-template.md","3ee15d5a63cf5eeee74149c590668fc61d0e44023eac12988a1ca2a9438a9d39"
"md","sports","gds","gds/workflows/2-design/gds-gdd/assets/game-types/sports.md","2247ea87dbca74e879f8c686d9e80434618e9e61bd3572739274c1af64cb0bb8"
"md","step-01-clarify-and-route","gds","gds/workflows/gds-quick-flow/gds-quick-dev/step-01-clarify-and-route.md","b5eb9f0cecf2a462885b8e7b4c21abbaec1e95c8abbd76bc410d9090fd8379f0"
"md","step-01-discover","gds","gds/workflows/3-technical/gds-generate-project-context/steps/step-01-discover.md","41a123ead9f18cc92b2d3cf021729593f16250f4891887c7416afa519914b61a"
"md","step-01-document-discovery","gds","gds/workflows/3-technical/gds-check-implementation-readiness/steps/step-01-document-discovery.md","92b09399c38bf96da3379d96f4709f19f4bc727a6bcf1adf080416ab5fc161ea"
"md","step-01-gather-context","gds","gds/workflows/4-production/gds-code-review/steps/step-01-gather-context.md","dedb3db28815e3df3363bc0d52d00cf7c13db798ac57b622172062e3b38abb8b"
"md","step-01-init","gds","gds/workflows/1-preproduction/gds-brainstorm-game/steps/step-01-init.md","eca859cb1c662a92b3f3f3590fdd2272a183707a58ff9dc8a8944355a0794ac1"
"md","step-01-init","gds","gds/workflows/1-preproduction/research/gds-domain-research/domain-steps/step-01-init.md","b91f1561eef3c9126a533ecf58b1eb045f8b7f584f108bada8247f217d5b2dcb"
"md","step-01-init","gds","gds/workflows/2-design/gds-create-narrative/steps/step-01-init.md","5691536f98f127eb19baeeff3f4a4a6646a84cc393c74921a242c528e96cb9c8"
"md","step-01-init","gds","gds/workflows/3-technical/gds-game-architecture/steps/step-01-init.md","f7365466c5a6d92bda82906043f422d053dcefd867d89d7f97e70404e104ec05"
"md","step-01-validate-prerequisites","gds","gds/workflows/3-technical/gds-create-epics-and-stories/steps/step-01-validate-prerequisites.md","956d5cf655621b750f77af9144ebf8ea5c86f910d053469a7e5eabc653c4a341"
"md","step-01b-continue","gds","gds/workflows/2-design/gds-create-narrative/steps/step-01b-continue.md","01560e00ece082145aa3f775f1b63ed9baf5b1f28e113c615ac2caa03383a0f1"
"md","step-01b-continue","gds","gds/workflows/3-technical/gds-game-architecture/steps/step-01b-continue.md","ec31da22df2837924af7d1360701cd7c15c78269357c122149d7f767f966d9bf"
"md","step-02-context","gds","gds/workflows/1-preproduction/gds-brainstorm-game/steps/step-02-context.md","823252089860938bb1ef7d7167a4c974b93a910d7428d9b83fa532743763b06a"
"md","step-02-context","gds","gds/workflows/3-technical/gds-game-architecture/steps/step-02-context.md","2017829264085d45ee25ead36a668624a15bdf73eb5f81f54c45290193ece607"
"md","step-02-design-epics","gds","gds/workflows/3-technical/gds-create-epics-and-stories/steps/step-02-design-epics.md","639eab1b7f57e69b2813e200e8f0719ff1e0151ef6d5f9b5a19fe8a825499537"
"md","step-02-domain-analysis","gds","gds/workflows/1-preproduction/research/gds-domain-research/domain-steps/step-02-domain-analysis.md","828ceb015f4b62dfb65a0cf71becbe9ce84de0e6ffcaa3faca56f1e83074cda6"
"md","step-02-foundation","gds","gds/workflows/2-design/gds-create-narrative/steps/step-02-foundation.md","1e73ffe1540d2eb38b293848b6a01a8acc96e90ed1b5bb6e03ed48bdb2b60dea"
"md","step-02-gdd-analysis","gds","gds/workflows/3-technical/gds-check-implementation-readiness/steps/step-02-gdd-analysis.md","d617aa1ece3a5d1c864ec8befa13eca5ce9947a4c95d05864514757f29ceb39c"
"md","step-02-generate","gds","gds/workflows/3-technical/gds-generate-project-context/steps/step-02-generate.md","531201685a090a5bf313932730f83080b470741a994530e62d1d1ff8b64e2dfe"
"md","step-02-plan","gds","gds/workflows/gds-quick-flow/gds-quick-dev/step-02-plan.md","cd1a634c3adbc5b296344d55cead5aa0647d4ceeff95bc6a930715254503ad58"
"md","step-02-review","gds","gds/workflows/4-production/gds-code-review/steps/step-02-review.md","00a6a01eef43d1d29861b1625058f64fcd0851824766e701ddfa338499d78bab"
"md","step-03-competitive-landscape","gds","gds/workflows/1-preproduction/research/gds-domain-research/domain-steps/step-03-competitive-landscape.md","cbfb0020e085395a01615f9b08085d0306f35ffbbfcc6b4236546be34d06695b"
"md","step-03-complete","gds","gds/workflows/3-technical/gds-generate-project-context/steps/step-03-complete.md","444eeabf3ae8b6be2cc9eadde2361110255ccebffc14c7ebad44c08cf556d849"
"md","step-03-create-stories","gds","gds/workflows/3-technical/gds-create-epics-and-stories/steps/step-03-create-stories.md","01a5d4b0d760a4dd6ecf911f4e3a3e21159b326e24105813c55630faf8fae628"
"md","step-03-epic-coverage-validation","gds","gds/workflows/3-technical/gds-check-implementation-readiness/steps/step-03-epic-coverage-validation.md","300a9c39dc879d3265f2b753bbf11439b8a8f35d9fb3bb8223f55af19cba1bc0"
"md","step-03-ideation","gds","gds/workflows/1-preproduction/gds-brainstorm-game/steps/step-03-ideation.md","1bc918c4a5df2603d5520da5eaca9c3a668b600a333a572bc19f5606d172fb32"
"md","step-03-implement","gds","gds/workflows/gds-quick-flow/gds-quick-dev/step-03-implement.md","4d848865eafe5eeba7d83529c766bd410a9cc20a05de1d6a764954c7275b4749"
"md","step-03-starter","gds","gds/workflows/3-technical/gds-game-architecture/steps/step-03-starter.md","bfaa8c1a17533ac29e8383db0d87e2385fe7457cb92987820227dd4070ec5351"
"md","step-03-story","gds","gds/workflows/2-design/gds-create-narrative/steps/step-03-story.md","323cddfe1eb7c2639e872410f41938380e5f3a5a0e2497eb1e08628498d6b693"
"md","step-03-triage","gds","gds/workflows/4-production/gds-code-review/steps/step-03-triage.md","f8dfcba535cd65a053146f96965324d88ed01a790d2aa4bc352869eb90f80a45"
"md","step-04-characters","gds","gds/workflows/2-design/gds-create-narrative/steps/step-04-characters.md","62768bf6ee2d8cd09a0aa5e8d59ad02da552983c9e7c51b4197e276f92530d10"
"md","step-04-complete","gds","gds/workflows/1-preproduction/gds-brainstorm-game/steps/step-04-complete.md","54a0d438f18749680c181b90b54bd1cb161aae75350d425a9ec9776362f0a4db"
"md","step-04-decisions","gds","gds/workflows/3-technical/gds-game-architecture/steps/step-04-decisions.md","9d1ce5c5910f73eafa0ef161933e4ea6bca9165c0102305f6ad45a6d4dac0938"
"md","step-04-final-validation","gds","gds/workflows/3-technical/gds-create-epics-and-stories/steps/step-04-final-validation.md","f8aa6fb39b111e60751d3827501453a554f717c0970cb3dcfacea70358360cfa"
"md","step-04-present","gds","gds/workflows/4-production/gds-code-review/steps/step-04-present.md","46a28efde8d53b62507faafc23c7765335ce0997014f41364fef011d77e1af84"
"md","step-04-regulatory-focus","gds","gds/workflows/1-preproduction/research/gds-domain-research/domain-steps/step-04-regulatory-focus.md","043b814ab146ca144c5b968df3f485166145b3013852b5abbe4e463fd1abe711"
"md","step-04-review","gds","gds/workflows/gds-quick-flow/gds-quick-dev/step-04-review.md","e62a50a37ab20eb426f5abd44179dfac51548707b5e85e6fe7817c144cbe3dae"
"md","step-04-ux-alignment","gds","gds/workflows/3-technical/gds-check-implementation-readiness/steps/step-04-ux-alignment.md","dbc0e078c29b253bcbe621a3f2f6489d5ac5b2b489c49b74812bc99bbf37d07a"
"md","step-05-crosscutting","gds","gds/workflows/3-technical/gds-game-architecture/steps/step-05-crosscutting.md","f2a82bcd5411088e7e49a314354459f2ec6a1f16450ecd6970e52ad90303612e"
"md","step-05-epic-quality-review","gds","gds/workflows/3-technical/gds-check-implementation-readiness/steps/step-05-epic-quality-review.md","c08c2a8971947e08c20bb2921daaf6ba2343241dc94abcbfab9f98b82d36bf83"
"md","step-05-present","gds","gds/workflows/gds-quick-flow/gds-quick-dev/step-05-present.md","fc6dc43047b394d11a8ab5f8ec5798010beea964baa4d0f0c9f3747a83e093c6"
"md","step-05-technical-trends","gds","gds/workflows/1-preproduction/research/gds-domain-research/domain-steps/step-05-technical-trends.md","6005b52750aea1f7da12da2266de03dea2b0cc6504854d1c123fe11cf817a1cf"
"md","step-05-world","gds","gds/workflows/2-design/gds-create-narrative/steps/step-05-world.md","5299a1c4cf2ba1fbd35b11de9b5112c825a7cb81ce5bbb4e517ac1d363de1877"
"md","step-06-dialogue","gds","gds/workflows/2-design/gds-create-narrative/steps/step-06-dialogue.md","41eeb85da9cdb3c52f4a0b713d5ffaed11bc8f660e3aaa772a7cefd02aa3a4bf"
"md","step-06-final-assessment","gds","gds/workflows/3-technical/gds-check-implementation-readiness/steps/step-06-final-assessment.md","e06592c614eb965ee91e56bbcba1cec57615bd451a7c5852d1afe801e75f6040"
"md","step-06-research-synthesis","gds","gds/workflows/1-preproduction/research/gds-domain-research/domain-steps/step-06-research-synthesis.md","06b69bb5f47b7ac14b994c28e3826262398768e0311bc72d1313c83f38921e51"
"md","step-06-structure","gds","gds/workflows/3-technical/gds-game-architecture/steps/step-06-structure.md","5890ee8fd23080c3997e232fef0135a4c9d06267feb96d9ec686ffc879f5f5f1"
"md","step-07-environmental","gds","gds/workflows/2-design/gds-create-narrative/steps/step-07-environmental.md","3a8c5898d2659c7c185554a53e80ccdb85d35cbc925e35681b142655068457b0"
"md","step-07-patterns","gds","gds/workflows/3-technical/gds-game-architecture/steps/step-07-patterns.md","a01dbe908bdd0c32d22ae1bcf66db116c93898c235e22a70f8ce896fd720b6cb"
"md","step-08-delivery","gds","gds/workflows/2-design/gds-create-narrative/steps/step-08-delivery.md","720f99945f72579c9eb564f7e6d97cad7ae70a08bf6bc710b58467f1a9c441c8"
"md","step-08-validation","gds","gds/workflows/3-technical/gds-game-architecture/steps/step-08-validation.md","4645aeb15979b8b5cd4fdced9849ebbb842f8cabb27802db27b01be7de6139d5"
"md","step-09-complete","gds","gds/workflows/3-technical/gds-game-architecture/steps/step-09-complete.md","620579417170f2c977503d97bde83a863362c1861893394ff6ffd44e0f63d458"
"md","step-09-integration","gds","gds/workflows/2-design/gds-create-narrative/steps/step-09-integration.md","deede2f73efebb7ab44bb1d91584e52c032e2d2cfe630349817f1d994edb2bcb"
"md","step-10-production","gds","gds/workflows/2-design/gds-create-narrative/steps/step-10-production.md","2915b7b30a2341e4f4252d65320ae4d9079477a66cc2784ab6452fc97373fdb6"
"md","step-11-complete","gds","gds/workflows/2-design/gds-create-narrative/steps/step-11-complete.md","ee3e2ed22866c348234481471cac8bf3637544ec79fd16c2bb9a0101fcfb99cd"
"md","step-oneshot","gds","gds/workflows/gds-quick-flow/gds-quick-dev/step-oneshot.md","400fcd81dd8debacef2387a380e3155906b41978d53515eacb2beb1aa08912d2"
"md","strategy","gds","gds/workflows/2-design/gds-gdd/assets/game-types/strategy.md","997380919f6c1b408906c364f74e728b9c6b45bf2960d1f0bfe8b0def594735e"
"md","survival","gds","gds/workflows/2-design/gds-gdd/assets/game-types/survival.md","3647795ee0073a85217633412a41a938e51a553776acbe9ac953fb403e3437f9"
"md","sync-sprint-status","gds","gds/workflows/gds-quick-flow/gds-quick-dev/sync-sprint-status.md","c0f2fdb940984206a4b7aa2467fbcb7c4811f648634e43a488593974e9efff5e"
"md","template","gds","gds/workflows/4-production/gds-create-story/template.md","bb22dc83535c732675a3609638a8af7c7da2df2b65e0dc588d3b22800539d45a"
"md","test-design-template","gds","gds/workflows/gametest/gds-test-design/test-design-template.md","87ea44fb715e0a8502c59be8d9fe88695e20edbd01a26f8b70ec83769a5a208f"
"md","test-priorities","gds","gds/agents/gds-agent-game-dev/gametest/knowledge/test-priorities.md","bf1c726cfcbd44511a97820e1c4d4de1f4b2579ca97cd216f91b91fbeb72e04a"
"md","test-review-template","gds","gds/workflows/gametest/gds-test-review/test-review-template.md","62f64abc9e42f3014f65b7a663477ea2ae84eea7da423508761535da67d9ad0f"
"md","text-based","gds","gds/workflows/2-design/gds-gdd/assets/game-types/text-based.md","5895ca65dc93f676bb33b754f2c6be85d5d9b651df87d8431d404dc9bb736ee7"
"md","tower-defense","gds","gds/workflows/2-design/gds-gdd/assets/game-types/tower-defense.md","03a2cc577fdd1a183ba04409b01b22f2f38713d28f1278481b0f221858f97ec8"
"md","turn-based-tactics","gds","gds/workflows/2-design/gds-gdd/assets/game-types/turn-based-tactics.md","30a150d8a0ab746f0c67d414be79e7e421fff1b8b7a1b716e64800df72bdb6c2"
"md","unity-engine","gds","gds/workflows/3-technical/gds-game-architecture/knowledge/unity-engine.md","ce09a12fa7b6640712a9f76833a46425f5080c597f2d44ce8d51a3f624b9c592"
"md","unity-testing","gds","gds/agents/gds-agent-game-dev/gametest/knowledge/unity-testing.md","17b84ad2c6b651cad40edf697991be60b86aa80d3c98666c08b71e8908474492"
"md","unreal-engine","gds","gds/workflows/3-technical/gds-game-architecture/knowledge/unreal-engine.md","25c737e132f37d736ec17ac531712795c1a9197dabd7a26084de8117e226590a"
"md","unreal-testing","gds","gds/agents/gds-agent-game-dev/gametest/knowledge/unreal-testing.md","0ca53c31bd4c65dac328488433b49b7673e25f47e9945d9abfa9644c43bf2572"
"md","update-standards","gds","gds/agents/gds-agent-tech-writer/update-standards.md","a4bbbff641c454f872cad8b263bf96b0f519e718e7f6c0b18d283c46e4df377c"
"md","validate","gds","gds/workflows/2-design/gds-prd/references/validate.md","3714902f80b5bc70600cc2c1e26d1da21dc52b7e23a6c34cf972dcbe75f9d234"
"md","validate","gds","gds/workflows/2-design/gds-ux/references/validate.md","bff25359199b8fb0184c0ed1ccbb44a1ebf3a196107f63394bfe24e2ed186a9d"
"md","validate-doc","gds","gds/agents/gds-agent-tech-writer/validate-doc.md","5e12651ffc5c8020b59d66e267a6d5605f0e4583683935528697fe642d58af9e"
"md","validation-render","gds","gds/workflows/2-design/gds-gdd/references/validation-render.md","72c2afd135c31ba052a3ba04e22fa59483436389aac2201829a3a97c9115c6dd"
"md","visual-novel","gds","gds/workflows/2-design/gds-gdd/assets/game-types/visual-novel.md","2d98f4c682f0abbd6330ac1bad04600c596e6b27302adbe9510fc0c0bf53052c"
"md","write-document","gds","gds/agents/gds-agent-tech-writer/write-document.md","d76084c9a1b2da01960819b1daa1714c8580f13005d2ea1e0bb9f94ef9005e8d"
"py","render-validation-html","gds","gds/workflows/2-design/gds-gdd/scripts/render-validation-html.py","f723253b15798fed70bd047985671049fd176836d7381904c34dab6ac40d8150"
"toml","customize","gds","gds/agents/gds-agent-game-architect/customize.toml","23b21f7dce421def06f3018ef715b21a902f222b50bba131b39c0949e140068c"
"toml","customize","gds","gds/agents/gds-agent-game-designer/customize.toml","88cbdb6f458736d5b3660fb82f23c3e8f90265d1e854add62948e149a2ae93c1"
"toml","customize","gds","gds/agents/gds-agent-game-dev/customize.toml","1cdf44a68a0d075a28ae8d0afdef287c9d96e182f98194c5d1c52f4c81c75e1a"
"toml","customize","gds","gds/agents/gds-agent-game-solo-dev/customize.toml","37773425dfe11f1336bcbe28acbe5e9bc1af5006d121ff4f021c229ed65897de"
"toml","customize","gds","gds/agents/gds-agent-tech-writer/customize.toml","5f8731bf9b0a2bf1d09cd3ebc29c4bf6ce1ced31adceedb678721a6a0a49e38c"
"toml","customize","gds","gds/workflows/1-preproduction/gds-brainstorm-game/customize.toml","1b9232b636aa2c9c3a15fcb5124d6d37641762582667db1009b3ad06f81ae193"
"toml","customize","gds","gds/workflows/1-preproduction/gds-create-game-brief/customize.toml","399a486e100ef7fbf01cf3050d243eb32dbcbea7f059824dc74a75a402f53804"
"toml","customize","gds","gds/workflows/1-preproduction/research/gds-domain-research/customize.toml","7a3b108ab3654578e9baf857316c083ce0519e974993bad44c31f7f390222772"
"toml","customize","gds","gds/workflows/2-design/gds-create-narrative/customize.toml","67cf182322ba425859b4f9f56a50978f15fee937f30a24ee03517e128c4b66fd"
"toml","customize","gds","gds/workflows/2-design/gds-gdd/customize.toml","b0d5d7a4377066c086a258b7e3174ac8d204ec80799e357d6350ab8be033d1dd"
"toml","customize","gds","gds/workflows/2-design/gds-prd/customize.toml","cf9f592f01d04e59fd7c4d722cd1ee0959d2b3cef08290d4253462a64bd8a200"
"toml","customize","gds","gds/workflows/2-design/gds-ux/customize.toml","c63e2ec5871990362060858cef30bd5f2bfb36577a0dacd7ffbc10f19238df0d"
"toml","customize","gds","gds/workflows/3-technical/gds-check-implementation-readiness/customize.toml","15c34b77911a252f10195084c34958bb0064134ff67a1da87c9bd65b3ed31445"
"toml","customize","gds","gds/workflows/3-technical/gds-create-epics-and-stories/customize.toml","24daa8577e7999157165d3090ff97df024cecc3b16e868742dd51a56d3d04f85"
"toml","customize","gds","gds/workflows/3-technical/gds-game-architecture/customize.toml","38e66d589078be47516574051d5efcf714c6800e1bae457d36c701ed877d926c"
"toml","customize","gds","gds/workflows/3-technical/gds-generate-project-context/customize.toml","cb19690945b08c93bfd24c63ff12ab5280f72774adb3ab0546f969e9cae04a59"
"toml","customize","gds","gds/workflows/4-production/gds-code-review/customize.toml","58fdc2963d31a9cfa0858fb451ad44d80b98c508837d2e88fe36acda4987cfa5"
"toml","customize","gds","gds/workflows/4-production/gds-correct-course/customize.toml","927671d0aa1066b46809b3d3d2b684072804503b9723468b8bd25b223a977a5e"
"toml","customize","gds","gds/workflows/4-production/gds-create-story/customize.toml","995974c44117593397093ad5d60e53152c006f795378683a07193dcf2d9bea49"
"toml","customize","gds","gds/workflows/4-production/gds-dev-story/customize.toml","30ddfd6824b70bcd7c10f9b0b183215b1bfb044ec9dfb3cdff9955d814607125"
"toml","customize","gds","gds/workflows/4-production/gds-investigate/customize.toml","252322a94b62faeadf275e522ac6e14fcc11fc93c79afe718035c0810fa91ff2"
"toml","customize","gds","gds/workflows/4-production/gds-retrospective/customize.toml","c092897cba9555a86695ef029a65cf0860b3aaee3800ba849b1549cd6b1ea972"
"toml","customize","gds","gds/workflows/4-production/gds-sprint-planning/customize.toml","27fefa4f8c2d8d7460c9156f9f5abd748c1e117246bbed85444c3ebd30df86cf"
"toml","customize","gds","gds/workflows/4-production/gds-sprint-status/customize.toml","8a36196b385a419a58d9623b62755ca07c79dcda1b5304a4549385a77ca24063"
"toml","customize","gds","gds/workflows/gametest/gds-e2e-scaffold/customize.toml","7293ddd5c9768c2ab0b6546eb480d7db031a695fef611dec2003a1522fe63109"
"toml","customize","gds","gds/workflows/gametest/gds-performance-test/customize.toml","fd0cd0394c27bd59fa27f3f506d3881dc8815c4200275bc34bcdd7db9537872c"
"toml","customize","gds","gds/workflows/gametest/gds-playtest-plan/customize.toml","4e0d6470bb8ba7a6126ce6b32a2ca593b8cbe8a8369eb2f654e487039be55c97"
"toml","customize","gds","gds/workflows/gametest/gds-test-automate/customize.toml","55d885f14033ee3e738aebfde608b7e18bc1bad2f1d2f72311990bab5593e1fc"
"toml","customize","gds","gds/workflows/gametest/gds-test-design/customize.toml","4199693fd1bdbb9185306da890fb9c7c4c52b0e33616951924400c1b49cac6b4"
"toml","customize","gds","gds/workflows/gametest/gds-test-framework/customize.toml","f2e0401e9d74eac7a86db1aaf28ace6f3a3c92beb4d1aa825ed8ffc93d602ae3"
"toml","customize","gds","gds/workflows/gametest/gds-test-review/customize.toml","80cc5af0573edc5d38bbaae4640efdc27e1c4d59a45360e568d791b4c7dd0cc7"
"toml","customize","gds","gds/workflows/gds-document-project/customize.toml","7707dcf729ca4b8415817d0f5bc731dd316821a5f6aabf2fd872954683691cee"
"toml","customize","gds","gds/workflows/gds-quick-flow/gds-quick-dev/customize.toml","9d0fa22531fd36ff1e5d424e18519adfc11bb1536bf36e0775a41f4b5a64b022"
"yaml","architecture-patterns","gds","gds/workflows/3-technical/gds-game-architecture/architecture-patterns.yaml","c3501a3b5e8a9a18f369fead0f77d703c18085a7f68ecbc5b835a9daccd5f0e8"
"yaml","config","gds","gds/config.yaml","4d3038295a4df97b569d14dc3e29d8bfc2096bb344fffd9d2b0cbf034b3dc733"
"yaml","decision-catalog","gds","gds/workflows/3-technical/gds-game-architecture/decision-catalog.yaml","dd1b0427869ba4349806b3244c32e5a8c7ce37bf7b0a4638022ce2b191985c99"
"yaml","engine-mcps","gds","gds/workflows/3-technical/gds-game-architecture/engine-mcps.yaml","bfe7c7567946afe8ea11d79125512c7113cddc803ee24692a29ade5edb0523d4"
"yaml","sprint-status-template","gds","gds/workflows/4-production/gds-sprint-planning/sprint-status-template.yaml","0d7fe922f21d4f00e538c265ff90e470c3e2eca761e663d84b7a1320b2f25980"
"file",".gitignore","render","render/.gitignore","240a3e0d37d2e86b614063f5347eb02d4f99ca6c254de6b82871ff8d95532a7d"
"py","config_utils","scripts","scripts/config_utils.py","48afe2bc18a29201e343cce3703be1e70df9c83ee74eeb68e57ef8ef42e8c651"
"py","memlog","scripts","scripts/memlog.py","3b00f82ca33dc4227f715123b939514ee35c4f9c71150c894c3d8185df1b48df"
"py","render_skill","scripts","scripts/render_skill.py","8496d0d8b449d64c21b42a9aab3b13fc8a813a430c0695ffd84ad75bb1da7942"
"py","resolve_config","scripts","scripts/resolve_config.py","70d7577396ed40ab9462ab75dce51f852bc2e094b2d1a054214f1b30c8789768"
"py","resolve_customization","scripts","scripts/resolve_customization.py","9b5124e0b781823a015a19d6cf5db52bbc34b6bab41c036fd1b3d464c2a137cd"
